{
  "placeholderImages": [
    {
      "id": "hero-image",
      "description": "A serene landscape providing a sense of peace and tranquility.",
      "imageUrl": "https://picsum.photos/seed/pyramid1/1200/800",
      "imageHint": "serene landscape"
    },
    {
      "id": "testimonial-1",
      "description": "A family finding comfort and support together.",
      "imageUrl": "https://picsum.photos/seed/pyramid2/600/400",
      "imageHint": "family comfort"
    },
    {
      "id": "testimonial-2",
      "description": "A support group session in a calm environment.",
      "imageUrl": "https://picsum.photos/seed/pyramid3/600/400",
      "imageHint": "support group"
    },
    {
      "id": "testimonial-3",
      "description": "A peaceful landscape with soft light.",
      "imageUrl": "https://picsum.photos/seed/pyramid4/600/400",
      "imageHint": "peaceful landscape"
    },
    {
      "id": "grief-support-main",
      "description": "A person being consoled by a supportive friend.",
      "imageUrl": "https://picsum.photos/seed/pyramid5/800/500",
      "imageHint": "comforting hand"
    },
    {
      "id": "account-avatar",
      "description": "Default avatar for user accounts.",
      "imageUrl": "https://picsum.photos/seed/pyramid_avatar/200/200",
      "imageHint": "person portrait"
    }
  ]
}